# Retail ranges that were once committed (retail file, file offset of the
# payload -- after the 0x800 EXE header for SLUS_006.64 --, size, label).
# Addresses and sizes only.  Used by retail_data_guard.py --write-signatures.
# file	offset	size	label
SLUS_006.64	0x4	0x2D0	data_slus_rodata
SLUS_006.64	0x324	0x498	data_slus_rodata
SLUS_006.64	0xAA4	0x6C	data_slus_rodata
SLUS_006.64	0xB84	0x120	data_slus_rodata
SLUS_006.64	0xD68	0x2B2C	data_slus_rodata
SLUS_006.64	0x3A88	0x41C	data_slus_rodata
SLUS_006.64	0x3FD0	0x610	data_slus_rodata
SLUS_006.64	0x46DC	0x2ABC	data_slus_rodata
SLUS_006.64	0x8004	0x74	data_slus_rodata
SLUS_006.64	0x80FC	0xB0	data_slus_rodata
SLUS_006.64	0x8258	0xE4	data_slus_rodata
SLUS_006.64	0x93D4	0x34	intr
SLUS_006.64	0xC778	0x164	menu
SLUS_006.64	0x15C04	0x1AC	temp1
SLUS_006.64	0x15E14	0x194	temp1
SLUS_006.64	0x16F44	0x148	temp1
SLUS_006.64	0x2F964	0x38	libc
SLUS_006.64	0x2FA74	0x154	libc
SLUS_006.64	0x309EC	0xAC	libapi
SLUS_006.64	0x38C4C	0x5C	libgte
SLUS_006.64	0x38D4C	0x1D4	libgte
SLUS_006.64	0x38F7C	0x3F0	libgte
SLUS_006.64	0x395DC	0x28	libgte
SLUS_006.64	0x39654	0x48	libgte
SLUS_006.64	0x396FC	0x5D4	libgte
SLUS_006.64	0x39DCC	0x1B8	libgte
SLUS_006.64	0x3A1B8	0x12C	libgte
SLUS_006.64	0x3A33C	0xF8	libgte
SLUS_006.64	0x3A480	0x50	libgte
SLUS_006.64	0x3A54C	0x1D8	libgte
SLUS_006.64	0x3A8EC	0xBC0	libgte
SLUS_006.64	0x3BBB8	0x64	intr
SLUS_006.64	0x3BCC0	0x30	intr
SLUS_006.64	0x3BE50	0x60	libapi_2
SLUS_006.64	0x3C228	0x9C	intr_dma
SLUS_006.64	0x3C318	0x158	libsn
SLUS_006.64	0x3EABC	0x7DC	data_published_logo
SLUS_006.64	0x40240	0x354	data_font
SLUS_006.64	0x408E8	0x1AC	data_slus_sdata
SLUS_006.64	0x40BD0	0x20	sound
SLUS_006.64	0x46B94	0x11C	psyq_compat
SLUS_006.64	0x46CF8	0x28	psyq_compat
field.bin	0x3DF78	0x94	data_field
field.bin	0x3E134	0x20	data_field
field.bin	0x3E314	0x30	data_field
field.bin	0x3E3D8	0x7C	data_field
field.bin	0x3E4AC	0x28	data_field
field.bin	0x3E6F0	0xB4	data_field
field.bin	0x3EFF8	0x3C	data_field
field.bin	0x3F230	0x64	data_field
field.bin	0x3F300	0x13C	data_field
field.bin	0x3F484	0x34	data_field
field.bin	0x3F548	0x9C	data_field
field.bin	0x3F730	0x50	data_field
field.bin	0x3F804	0x20	data_field
member_change_menu.bin	0x6200	0x24	data_member_change_menu
menu.bin	0x0	0x31C	data_main_menu
menu.bin	0x247DC	0x54	data_main_menu
menu.bin	0x248B4	0x6C	data_main_menu
menu.bin	0x249C0	0x38	data_main_menu
menu.bin	0x25184	0xD4	data_main_menu
menu.bin	0x2550C	0x84	data_main_menu
menu.bin	0x255FC	0xE4	data_main_menu
movie.bin	0x59C	0x98	main
scph5500.bin	0x33C18	0x80	libgte
shop_menu.bin	0xCF88	0x28	data_shop_menu
shop_menu.bin	0xD010	0x28	data_shop_menu
shop_menu.bin	0xD1D0	0x5C	data_shop_menu
world_map.bin	0x2A41C	0x128	w34b3_prod_test
world_map.bin	0x2B734	0x20	w34b12b_80091b54_prod_test
